Book Id,Title,Author,Author l-f,Additional Authors,ISBN,ISBN13,My Rating,Average Rating,Publisher,Binding,Number of Pages,Year Published,Original Publication Year,Date Read,Date Added,Bookshelves,Bookshelves with positions,Exclusive Shelf,My Review,Spoiler,Private Notes,Read Count,Owned Copies
43465812,The Book of X,Sarah Rose Etter,"Etter, Sarah Rose",,"=""1937512819""","=""9781937512811""",0,4.02,Two Dollar Radio,Paperback,284,2019,2019,,2024/12/03,to-read,to-read (#116),to-read,,,,0,0
164444179,First Lie Wins,Ashley Elston,"Elston, Ashley",,"=""0593492919""","=""9780593492918""",0,4.02,Pamela Dorman Books,Hardcover,340,2024,2024,,2024/10/26,currently-reading,currently-reading (#10),currently-reading,,,,1,0
61246258,Pineapple Street,Jenny   Jackson,"Jackson, Jenny",,"=""059349069X""","=""9780593490693""",0,3.56,Pamela Dorman Books,Hardcover,304,2023,2023,,2024/08/20,currently-reading,currently-reading (#9),currently-reading,,,,1,0
96177642,Is It Ever Just Sex?,Darian Leader,"Leader, Darian",,"=""0241998158""","=""9780241998151""",1,3.62,Penguin,Kindle Edition,284,2023,,,2024/11/12,,,read,,,,1,0
62898932,Penance,Eliza  Clark,"Clark, Eliza",,"=""0571371795""","=""9780571371792""",4,3.89,Faber & Faber,ebook,336,2023,2023,2024/11/28,2024/11/11,,,read,too hard core para mi pero interesante como esta escrito,,,1,0
201033505,She's Always Hungry: Stories,Eliza  Clark,"Clark, Eliza",,"=""0063393263""","=""9780063393264""",3,3.94,Harper Perennial,Paperback,240,2024,2024,2024/11/21,2024/11/11,,,read,,,,1,0
6192737,The Truth About Melody Browne,Lisa Jewell,"Jewell, Lisa",,"=""1846055725""","=""9781846055720""",4,3.84,Century,Paperback,326,2009,2009,,2024/11/07,,,read,,,,1,0
211888922,Make It Make Sense: From Shit You Should Care About's Lucy Blakiston and Bel Hawkins,Bel Hawkins,"Hawkins, Bel",Lucy Blakiston,"=""073365195X""","=""9780733651953""",0,4.38,Hachette Australia,Kindle Edition,279,2024,,,2024/11/12,to-read,to-read (#115),to-read,,,,0,0
216283050,A Year of Living Curiously: 365 Things Really Worth Knowing,Elizabeth Foley,"Foley, Elizabeth",Beth Coates,"=""057138448X""","=""9780571384488""",0,0.0,Faber & Faber,Hardcover,304,2025,,,2024/11/12,to-read,to-read (#114),to-read,,,,0,0
49083140,Boy Parts,Eliza  Clark,"Clark, Eliza",,"=""1910312649""","=""9781910312643""",0,3.75,Influx Press,ebook,304,2020,2020,,2024/11/11,to-read,to-read (#113),to-read,,,,0,0
880063,31 Dream Street,Lisa Jewell,"Jewell, Lisa",,"=""""","=""""",0,3.77,Michael Joseph Ltd,Hardcover,480,2007,2000,,2024/11/07,to-read,to-read (#112),to-read,,,,0,0
923045,Ralph's Party (Ralph's Party #1),Lisa Jewell,"Jewell, Lisa",,"=""0452281636""","=""9780452281639""",4,3.59,Plume,Paperback,389,2000,1999,,2024/11/07,,,read,,,,1,0
4016515,Letter to My Daughter,Maya Angelou,"Angelou, Maya",,"=""1400066123""","=""9781400066124""",0,4.09,Random House,Hardcover,192,2008,1987,,2024/10/26,to-read,to-read (#111),to-read,,,,0,0
50542147,Invisible Girl,Lisa Jewell,"Jewell, Lisa",,"=""1982137339""","=""9781982137335""",3,3.80,Atria Books,Hardcover,404,2020,2020,2024/10/25,2024/09/25,,,read,,,,1,0
58870289,A Room of One's Own,Virginia Woolf,"Woolf, Virginia",,"=""""","=""""",0,4.21,,Kindle Edition,,2021,1929,,2022/10/29,currently-reading,currently-reading (#3),currently-reading,,,,1,0
27276357,The Girls in the Garden,Lisa Jewell,"Jewell, Lisa",,"=""1476792216""","=""9781476792217""",2,3.56,Atria Books,Hardcover,320,2016,2015,2024/10/10,2024/08/15,,,read,:( primer libro de la lisa que me decepciona ,,,1,0
123183412,Down the Drain,Julia   Fox,"Fox, Julia",,"=""1668011506""","=""9781668011508""",4,4.39,Simon & Schuster,Hardcover,318,2023,2023,2024/09/30,2024/09/25,,,read,"a ver lo he leído en un punto de mi vida algo triggering.<br/>Pero bastante bold x su parte y ademas poner en papel todos sus ""cagadas"" masivas o no.<br/>Takes ovaries indeed<br/>bold move, aplausos aplausos<br/>Y ademas el principio es algo adictivo pq es como drama mas drama despues el medio se hace un poco triggering pq ves como sigue cayendo en patrones horrorosos y dices noooo pero ella sigue.Y el final bastante traumatico pero bueno ella le da un spin off empoderador",,,1,0
38355282,Watching You,Lisa Jewell,"Jewell, Lisa",,"=""1501190075""","=""9781501190070""",5,3.89,Atria Books,Hardcover,320,2018,2018,2024/09/25,2024/08/25,,,read,OMG ESTA MUJER !!!!!!!! creo que es mi libro fav de ella?!,,,1,0
62926938,The Seven Year Slip,Ashley Poston,"Poston, Ashley",,"=""""","=""""",0,4.20,Berkley,Paperback,336,2023,2023,,2024/09/22,to-read,to-read (#110),to-read,,,,0,0
208291040,(h)amor 9 amigas (La pasión de Mary Read nº 49) (Spanish Edition),Elisa Coll,"Coll, Elisa",,"=""""","=""""",0,3.88,Continta me tienes,Kindle Edition,165,2024,,,2024/09/04,to-read,to-read (#109),to-read,,,,0,0
2443,"The Innocents Abroad, Or, the New Pilgrims' Progress",Mark Twain,"Twain, Mark",Jane Jacobs,"=""0812967054""","=""9780812967050""",0,3.84,Random House Publishing Group,Paperback,560,2003,1869,,2024/08/26,to-read,to-read (#108),to-read,,,,0,0
209302470,Caminar por aguas cristalinas en una piscina pintada de negro,Cookie Mueller,"Mueller, Cookie",Rodrigo Olavarría,"=""8412447964""","=""9788412447965""",0,4.46,Los Tres Editores,Paperback,324,2024,1990,,2024/08/25,to-read,to-read (#107),to-read,,,,0,0
30753651,I Found You,Lisa Jewell,"Jewell, Lisa",,"=""1501154591""","=""9781501154591""",4,3.95,Atria Books,Hardcover,352,2017,2016,2024/08/25,2024/08/19,,,read,,,,1,0
46000520,"The Thursday Murder Club (Thursday Murder Club, #1)",Richard Osman,"Osman, Richard",,"=""""","=""""",0,3.88,Penguin,ebook,382,2020,2020,,2024/08/20,to-read,to-read (#106),to-read,,,,0,0
58733693,Remarkably Bright Creatures,Shelby Van Pelt,"Pelt, Shelby Van",,"=""0063204150""","=""9780063204157""",0,4.38,Ecco,Hardcover,368,2022,2022,,2024/08/20,to-read,to-read (#105),to-read,,,,0,0
57224204,The Seven Moons of Maali Almeida,Shehan Karunatilaka,"Karunatilaka, Shehan",,"=""1908745908""","=""9781908745903""",0,3.92,Sort of Books,Hardcover,386,2022,2022,,2024/08/20,to-read,to-read (#104),to-read,,,,0,0
58855185,"The Family Remains (The Family Upstairs, #2)",Lisa Jewell,"Jewell, Lisa",,"=""1982178892""","=""9781982178895""",4,3.87,Atria,Hardcover,452,2022,2022,2024/08/18,2024/08/15,,,read,,,,1,0
43822820,"The Family Upstairs (The Family Upstairs, #1)",Lisa Jewell,"Jewell, Lisa",,"=""1501190105""","=""9781501190100""",4,3.96,Atria Books,Hardcover,340,2019,2019,2024/08/15,2024/08/03,,,read,,,,1,0
52439531,"The Inheritance Games (The Inheritance Games, #1)",Jennifer Lynn Barnes,"Barnes, Jennifer Lynn",,"=""1368052401""","=""9781368052405""",0,4.15,"Little, Brown Books for Young Readers",Hardcover,386,2020,2020,,2024/08/05,to-read,to-read (#103),to-read,,,,0,0
35297426,Then She Was Gone,Lisa Jewell,"Jewell, Lisa",,"=""1501154648""","=""9781501154645""",4,4.05,Atria Books,Paperback,359,2018,2017,2024/08/03,2024/08/03,,,read,"Creo que se puede decir que estou obsessed con esta escritoraA<br/>Este a diferencia de los demás creo que el final está un poco matched down. Osea pero aún así brilliant, muy cruel, creepy, pero no lo puedes parar de leer.<br/>Que me voy a leer otro más de ella? Exactamente.<br/>Fan fan fan",,,1,0
89049,The Book of the City of Ladies,Christine de Pizan,"Pizan, Christine de","Natalie Zemon Davis, Earl Jeffrey Richards","=""0892552301""","=""9780892552306""",0,3.79,Persea,Paperback,281,1998,1405,,2024/07/26,to-read,to-read (#102),to-read,,,,0,0
62334530,None of This Is True,Lisa Jewell,"Jewell, Lisa",,"=""1982179007""","=""9781982179007""",5,4.11,Atria Books,Hardcover,390,2023,2023,2024/07/23,2024/07/20,,,read,I can't recommend this enough!!!!!<br/>Ojala poder volver leerlo de 0,,,1,0
55922299,The Night She Disappeared,Lisa Jewell,"Jewell, Lisa",,"=""1982137363""","=""9781982137366""",4,4.11,Atria Books,Hardcover,416,2021,2021,2024/07/19,2024/04/14,,,read,,,,1,0
373049,The Lost Language of Cranes,David Leavitt,"Leavitt, David",,"=""1582345732""","=""9781582345734""",0,3.97,Bloomsbury USA,Paperback,352,2005,1986,,2024/07/14,to-read,to-read (#101),to-read,,,,0,0
49471138,The Girls I've Been,Tess Sharpe,"Sharpe, Tess",,"=""0593111095""","=""9780593111093""",2,4.05,G.P. Putnam's Sons Books for Young Readers,Hardcover,356,2021,2021,2024/07/08,2024/07/02,,,read,2.75,,,1,0
12005162,Children in prison and other cruelties of prison life,Oscar Wilde,"Wilde, Oscar",,"=""""","=""""",0,4.10,London : Murdoch,Nook,0,,1897,,2024/07/07,to-read,to-read (#100),to-read,,,,0,0
2429135,"The Girl with the Dragon Tattoo (Millennium, #1)",Stieg Larsson,"Larsson, Stieg",Reg Keeland,"=""0670069019""","=""9780670069019""",0,4.17,Viking Canada,Hardcover,480,2008,2005,,2024/07/05,to-read,to-read (#99),to-read,,,,0,0
36739755,Convenience Store Woman,Sayaka Murata,"Murata, Sayaka",Ginny Tapley Takemori,"=""0802128254""","=""9780802128256""",0,3.68,Grove Press,Hardcover,163,2018,2016,,2024/07/04,to-read,to-read (#98),to-read,,,,0,0
59793324,Life Ceremony,Sayaka Murata,"Murata, Sayaka",Ginny Tapley Takemori,"=""0802159583""","=""9780802159588""",5,3.75,Grove Press,Hardcover,256,2022,2019,2024/07/04,2024/06/25,,,read,ojala pudiese borrar mi memoria y volver a leerlo de nuevo screaming,,,1,0
56969561,The Mad Women's Ball,Victoria Mas,"Mas, Victoria",Frank Wynne,"=""1419757598""","=""9781419757594""",0,3.78,Harry N. Abrams,Hardcover,224,2021,2019,,2024/07/02,to-read,to-read (#97),to-read,,,,0,0
129223,The Well of Loneliness,Radclyffe Hall,"Hall, Radclyffe",,"=""""","=""""",0,3.75,Wordsworth Editions Ltd,Paperback,448,2014,1928,,2024/06/25,to-read,to-read (#96),to-read,,,,0,0
40916679,"A Good Girl's Guide to Murder (A Good Girl's Guide to Murder, #1)",Holly  Jackson,"Jackson, Holly",,"=""1405293187""","=""9781405293181""",0,4.31,Electric Monkey,Paperback,433,2019,2019,,2024/06/25,to-read,to-read (#95),to-read,,,,0,0
56905097,"As Good As Dead (A Good Girl's Guide to Murder, #3)",Holly  Jackson,"Jackson, Holly",,"=""0593379853""","=""9780593379851""",0,4.20,Delacorte Press,Hardcover,500,2021,2021,,2024/06/25,to-read,to-read (#94),to-read,,,,0,0
251535,Separate Rooms,Pier Vittorio Tondelli,"Tondelli, Pier Vittorio","Simon Pleasance, Edmund White","=""1852427779""","=""9781852427771""",0,4.08,Serpents Tail,Paperback,186,2005,1989,,2024/06/20,to-read,to-read (#93),to-read,,,,0,0
199743690,Only Big Bumbum Matters Tomorrow,Damilare Kuku,"Kuku, Damilare",,"=""0063354497""","=""9780063354494""",0,3.64,HarperVia,Hardcover,272,2024,2024,,2024/06/20,to-read,to-read (#92),to-read,,,,0,0
208453879,Nearly All the Men in Lagos Are Mad,Damilare Kuku,"Kuku, Damilare",,"=""""","=""""",5,4.02,,Paperback,,,2024,2024/06/20,2024/06/02,,,read,5 deserved,,,1,0
91256774,"Bang Up and Smash: Women's Prisons, Bail Hostels and Probation",ASBO,"ASBO, ASBO",,"=""1909798487""","=""9781909798489""",0,4.50,Active Distribution,Paperback,,2017,,,2024/03/04,currently-reading,currently-reading (#8),currently-reading,,,,1,0
3475243,10 Days in a Madhouse ,Nellie Bly,"Bly, Nellie",,"=""""","=""""",0,3.86,,Audio Book,,1887,1887,,2024/06/16,to-read,to-read (#91),to-read,,,,0,0
50042494,Ghosts,Dolly Alderton,"Alderton, Dolly",,"=""0241434548""","=""9780241434543""",3,3.88,Fig Tree,Hardcover,352,2020,2020,2024/06/08,2024/06/08,,,read,,,,1,0
205431664,Ansia,Henar Álvarez,"Álvarez, Henar",,"=""8408286617""","=""9788408286615""",4,3.55,Editorial Planeta,Kindle Edition,222,2024,,2024/05/19,2024/05/19,,,read,,,,1,0
2142191,Ex-Wife,Ursula Parrott,"Parrott, Ursula",,"=""0452262240""","=""9780452262249""",0,4.19,Plume,Paperback,224,1989,1929,,2024/05/19,to-read,to-read (#90),to-read,,,,0,0
60931,Kindred,Octavia E. Butler,"Butler, Octavia E.",,"=""0807083690""","=""9780807083697""",0,4.30,Beacon Press,Paperback,288,2004,1979,,2024/05/19,to-read,to-read (#89),to-read,,,,0,0
3311983,Nathaniel Hawthorne's Young Goodman Brown,Harold Bloom,"Bloom, Harold",,"=""0791081249""","=""9780791081242""",4,3.52,Chelsea House Publications,Hardcover,185,2005,,2024/05/19,2024/05/19,,,read,,,,1,0
104239,Nathaniel Hawthorne's The Scarlet Letter (Bloom's Modern Critical Interpretations),Harold Bloom,"Bloom, Harold",,"=""0791094243""","=""9780791094242""",3,3.64,Chelsea House Pub,Hardcover,256,2007,1986,2024/05/19,2024/05/19,,,read,,,,1,0
2353030,The Woman of Colour: A Tale (Broadview Editions),Anonymous,"Anonymous, Anonymous",Lyndon J. Dominique,"=""1551111764""","=""9781551111766""",3,3.50,Broadview Press,Paperback,268,2007,1808,2024/05/19,2024/05/19,,,read,,,,1,0
54785514,Embassy Wife,Katie Crouch,"Crouch, Katie",,"=""0374280347""","=""9780374280345""",3,3.70,"Farrar, Straus and Giroux",Hardcover,384,2021,2021,2024/05/17,2024/04/05,,,read,3. 5,,,1,0
62918242,Lady Caroline Lamb: A Free Spirit,Antonia Fraser,"Fraser, Antonia",,"=""1639364064""","=""9781639364060""",2,3.71,Pegasus Books,Kindle Edition,218,2023,,2024/05/16,2024/05/16,,,read,,,,1,0
60410002,We All Want Impossible Things,Catherine Newman,"Newman, Catherine",,"=""0063230895""","=""9780063230897""",0,4.00,Harper,Hardcover,224,2022,2022,,2024/05/04,to-read,to-read (#88),to-read,,,,0,0
58662236,Small Things Like These,Claire Keegan,"Keegan, Claire",,"=""0802158749""","=""9780802158741""",4,4.17,Grove Press,Hardcover,118,2021,2021,,2024/04/19,,,read,"Me encanta como escribe Claire Keegan. Los libros son cortos pero sabe bastante hacer el setting y ademas lo describe de una forma en la que fácilmente lo imaginas.<br/>La historia gira entorno a Bill, pero asombra el issue que había con Magdalen laundry en Irlanda 1994~. Eran sitios subvencionados por la iglesia donde mujeres eran prisioneras y eran forzosamente obligadas a trabajar.",,,2,0
43886164,Burn It Down: Women Writing about Anger,Lilly Dancyger,"Dancyger, Lilly",,"=""1580058930""","=""9781580058933""",5,4.31,Seal Press,Hardcover,257,2019,2019,2024/04/23,2023/04/19,,,read,,,,1,0
73936042,So Late in the Day,Claire Keegan,"Keegan, Claire",,"=""0571382010""","=""9780571382019""",5,3.98,Faber & Faber,Hardcover,47,2023,2023,2024/04/19,2024/04/03,,,read,,,,1,0
61343296,Dear Dolly,Dolly Alderton,"Alderton, Dolly",,"=""0241623642""","=""9780241623640""",5,3.82,Fig Tree,Hardcover,224,2022,2022,2024/04/17,2024/04/17,,,read,,,,1,0
11,"The Hitchhiker’s Guide to the Galaxy (Hitchhiker's Guide to the Galaxy, #1)",Douglas Adams,"Adams, Douglas",,"=""""","=""""",4,4.23,Del Rey Books,Mass Market Paperback,216,2005,1979,,2024/04/05,,,read,just chill,,,1,0
18764826,The House We Grew Up In,Lisa Jewell,"Jewell, Lisa",,"=""1476702993""","=""9781476702995""",4,3.80,Atria Books,Hardcover,388,2014,2013,2024/04/14,2024/04/05,,,read,"4.5<br/>Literalmente es como estar omnipresente durante todo el spill del tea de una familia.<br/><br/>Madre padre hacen como un hippie upbringing de sus 4 hijos. Pero todo se empieza a girar cuando se hace más y más evidente los problemas mentales de la madre. Uno de los hijos se suicida, nadie sabe la razón excepto la madre.<br/>Este es el punto de inflexión de toda la historia. La madre deja al padre, empieza a vivir con su vecina. Encierra en si misma el grief de haber perdido a un hijo y su síndrome de diogenes entierra su casa.<br/>Mientras tanto el padre empieza a salir con la ex novia de su hijo (con el que tienen una hija Tia). Una de las hijas se empieza a costar con el esposo de su hermana...<br/>Es que hay tanto tea, es genial",,,1,0
50736031,Breasts and Eggs,Mieko Kawakami,"Kawakami, Mieko","Sam Bett, David  Boyd","=""1609455878""","=""9781609455873""",2,3.86,Europa Editions,Hardcover,430,2020,2008,2024/04/09,2024/04/03,,,read,"Primera parte del libro it's okay osea una dos hermanas de familia pobre. una de ellas intenta ser una escritora y la otra trabajando minimal wage esta obsessed con hacerse un aumento de tetas.<br/>el momento cuando están en la sauna/baños me pareció como la mejor escena de todo el libro. como la hermana se obsesiona con mirar las tetas de las otras personas sin descaro.<br/>Pero meh osea no pasa nada. y sinceramente me parece un discurso demasiado repetitivo.<br/>el segundo libro es la hermana que quiere ser escritora, lo consigue y ahora quiere ser madre (por eso la parte de eggs)",,,1,0
56802275,Elena Knows,Claudia Piñeiro,"Piñeiro, Claudia",Frances Riddle,"=""""","=""""",0,4.07,Charco Press,Paperback,143,2021,2007,,2024/04/06,to-read,to-read (#87),to-read,,,,0,0
40381501,Notes To Self,Emilie Pine,"Pine, Emilie",,"=""1999700848""","=""9781999700843""",4,4.10,Tramp Press,Paperback,183,2018,2018,2024/04/04,2024/03/29,,,read,,,,1,0
59381516,Evil Eye,Etaf Rum,"Rum, Etaf",,"=""0062987909""","=""9780062987907""",0,3.94,Harper,Hardcover,352,2023,2023,,2024/04/04,to-read,to-read (#86),to-read,,,,0,0
177185879,Green Frog: Stories,Gina Chung,"Chung, Gina",,"=""0593469364""","=""9780593469361""",0,4.15,Vintage,Paperback,240,2024,2024,,2024/04/03,to-read,to-read (#85),to-read,,,,0,0
62047984,Yellowface,R.F. Kuang,"Kuang, R.F.",,"=""000853277X""","=""9780008532772""",3,3.75,William Morrow,Hardcover,336,2023,2023,2024/04/01,2024/03/29,,,read,"Lo añadí a good reads, despues lo quité al releer de que iba. Lo vi en una librería y dije el universo!<br/>No es horrible sin duda. Amigas enemigas la amiga exitosa muere y deja un manuscrito de su prox libro que nadie sabe. La amiga con envidia y celos se lo lleva...<br/>Me gustó el juego de critica social, como odias a la pronta por sus decisiones... Pero I agree con lo que dicen los reviews... todo el plot se basa en crítica a Twitter y a él cancel culture...<br/>Pero lo han dado mucho trote para lo que ha sido al final.<br/>Le doy tres porque bueno si es cierto que el libro engancha con todo el trama y el lector deseando de que la chica confiese que no es su libro. Además todo el juego psicológico de que incluso el lector se cuestiona si realmente Athena ha muerto.<br/>I mean I get it but you know",,,1,0
65137920,The Lost Bookshop,Evie  Woods,"Woods, Evie",Evie Gaughan,"=""0008609209""","=""9780008609207""",0,4.06,One More Chapter/HarperCollins UK,Kindle Edition,432,2023,2023,,2024/03/29,to-read,to-read (#84),to-read,,,,0,0
60741794,Wandering Souls,Cecile Pin,"Pin, Cecile",,"=""1250863465""","=""9781250863461""",0,4.15,Henry Holt and Co.,Hardcover,240,2023,2023,,2024/03/29,to-read,to-read (#83),to-read,,,,0,0
888389,Raising Their Voices: The Politics of Girls' Anger,Lyn Mikel Brown,"Brown, Lyn Mikel",,"=""0674747216""","=""9780674747210""",0,3.44,Harvard University Press,Paperback,,1998,1998,,2024/03/04,currently-reading,currently-reading (#7),currently-reading,,,,1,0
14569052,Purple Hibiscus,Chimamanda Ngozi Adichie,"Adichie, Chimamanda Ngozi",,"=""1616202416""","=""9781616202415""",5,4.18,Algonquin Books,Paperback,336,2012,2003,2024/03/25,2023/12/10,,,read,,,,1,0
40126014,"The Merciless Ones (Deathless, #2)",Namina Forna,"Forna, Namina",Karine Ribeiro,"=""1984848720""","=""9781984848727""",3,3.90,Delacorte Press,Hardcover,432,2022,2022,2024/03/14,2023/08/17,,,read,Sinceramente no creo que me lo vaya a terminar. I am not a girlie of this type of fiction,,,1,0
18749,Half of a Yellow Sun,Chimamanda Ngozi Adichie,"Adichie, Chimamanda Ngozi",,"=""1400044162""","=""9781400044160""",5,4.34,Knopf,Hardcover,435,2006,2006,2024/03/14,2023/12/10,,,read,,,,1,0
55582224,Fighting Women,Isabella Lorusso,"Lorusso, Isabella",,"=""1904491359""","=""9781904491354""",0,4.20,Freedom Press,Paperback,188,2020,,,2024/03/06,to-read,to-read (#82),to-read,,,,0,0
60701439,Big Swiss,Jen Beagin,"Beagin, Jen",,"=""1982153083""","=""9781982153083""",0,3.68,Scribner,Hardcover,336,2023,2023,,2024/03/05,to-read,to-read (#81),to-read,,,,0,0
101880,In a Different Voice: Psychological Theory and Women’s Development,Carol Gilligan,"Gilligan, Carol",,"=""0674445449""","=""9780674445444""",0,4.06,Harvard University Press ,Paperback,192,1993,1982,,2024/03/04,to-read,to-read (#80),to-read,,,,0,0
494600,"Women's Work, Men's Property: The Origins of Gender and Class",Stephanie Coontz,"Coontz, Stephanie","Peta Henderson, Lila Leibowitz, Monique Saliou, Nicole Chevillard, Sébastien Leconte","=""0805272550""","=""9780805272550""",0,4.00,Verso Books,Paperback,230,1986,1986,,2024/03/04,to-read,to-read (#79),to-read,,,,0,0
146509,El síndrome de Ulises,Santiago Gamboa,"Gamboa, Santiago",,"=""9584211900""","=""9789584211903""",4,4.20,Editorial Planeta,Paperback,365,2005,2005,2024/03/01,2024/01/12,,,read,,,,1,0
36687229,Hood Feminism: Notes from the Women That a Movement Forgot,Mikki Kendall,"Kendall, Mikki",,"=""""","=""""",0,4.37,Viking,Hardcover,267,2020,2020,,2024/02/19,to-read,to-read (#78),to-read,,,,0,0
57932307,"One of Us Is Back (One of Us Is Lying, #3)",Karen M. McManus,"McManus, Karen M.",,"=""0593485033""","=""9780593485033""",5,3.96,Delacorte,Kindle Edition,368,2023,2023,2024/02/15,2024/01/19,,,read,just my silly lil book<br/><br/>totalmente dif de la serie pero oye indeed 5. A veces una chica necesita esto,,,1,0
318335,Fatelessness,Imre Kertész,"Kertész, Imre",Tim Wilkinson,"=""1400078636""","=""9781400078639""",0,4.08,Vintage International,Paperback,262,2004,1975,,2024/02/08,to-read,to-read (#77),to-read,,,,0,0
60177373,Fairy Tale,Stephen        King,"King, Stephen",,"=""1668002175""","=""9781668002179""",3,4.10,Scribner,Hardcover,599,2022,2022,2024/02/03,2024/02/03,,,read,,,,1,0
57928536,Humankind: A Hopeful History,Rutger Bregman,"Bregman, Rutger",,"=""9781408898""","=""9789781408892""",0,4.32,Bloomsbury,Paperback,496,2021,2019,,2024/01/28,to-read,to-read (#76),to-read,,,,0,0
51151492,Feminist City: A Field Guide,Leslie Kern,"Kern, Leslie",,"=""1771134577""","=""9781771134576""",0,3.91,Between the Lines,Paperback,200,2019,2019,,2024/01/25,to-read,to-read (#75),to-read,,,,0,0
7337871,"Murder Past Due (Cat in the Stacks, #1)",Miranda James,"James, Miranda",,"=""042523603X""","=""9780425236031""",0,3.81,Berkley Prime Crime,Mass Market Paperback,294,2010,2010,,2024/01/03,to-read,to-read (#74),to-read,,,,0,0
35433121,Después del amor,Sonsoles Ónega,"Ónega, Sonsoles",,"=""8408174924""","=""9788408174929""",0,3.97,Editorial Planeta,Kindle Edition,593,2017,2017,,2023/12/30,to-read,to-read (#73),to-read,,,,0,0
37804825,El peligro de la historia única,Chimamanda Ngozi Adichie,"Adichie, Chimamanda Ngozi","Marina Garcés, Cruz Rodríguez Juiz","=""8439733925""","=""9788439733928""",0,4.21,Literatura Random House,Paperback,64,2018,2009,,2023/12/10,to-read,to-read (#72),to-read,,,,0,0
13623848,The Song of Achilles,Madeline Miller,"Miller, Madeline",,"=""""","=""""",3,4.32,Ecco,Paperback,408,2012,2011,2023/11/30,2023/11/28,,,read,3.5 sin duda<br/>cute ending at first I hated it,,,1,0
59364173,I'm Glad My Mom Died,Jennette McCurdy,"McCurdy, Jennette",,"=""""","=""""",5,4.45,Simon & Schuster,ebook,320,2022,2022,2023/11/27,2023/11/22,,,read,,,,1,0
2175,Madame Bovary,Gustave Flaubert,"Flaubert, Gustave","Mark Overstall, Malcolm Bowie, Margaret Mauldon","=""0192840398""","=""9780192840394""",3,3.70,Oxford University Press,Paperback,329,2004,1856,2023/11/22,2023/11/22,,,read,,,,1,0
59629744,Diary of a Void,Emi Yagi,"Yagi, Emi","David Boyd, Lucy North","=""0143136879""","=""9780143136873""",5,3.51,Viking,Hardcover,213,2022,2020,2023/11/14,2023/11/13,,,read,"Osea es como comfort book. Lo recomiendo tantísimo, me recuerda a year of relax and relaxation (something like that) pero aún mejor! Es súper ironic sarcástic te quedas wtf.<br/>Una chica se inventa que esta embarazada para no tener que hacer el café en el trabajo... y cositas",,,1,0
42414293,Cómo acabar con la escritura de las mujeres,Joanna Russ,"Russ, Joanna",,"=""8494893645""","=""9788494893643""",0,4.27,Dos Bigotes,Paperback,222,2018,1983,,2023/11/02,to-read,to-read (#71),to-read,,,,0,0
9496240,"The Hangman's Daughter (The Hangman's Daughter, #1)",Oliver Pötzsch,"Pötzsch, Oliver","Lee Chadeayne, Sabine Marić","=""""","=""""",0,3.75,AmazonCrossing,Kindle Edition,448,2010,2008,,2023/11/02,to-read,to-read (#70),to-read,,,,0,0
32943032,"A Map of Days (Miss Peregrine's Peculiar Children, #4)",Ransom Riggs,"Riggs, Ransom",,"=""0735231486""","=""9780735231481""",0,4.12,Dutton Books for Young Readers,ebook,496,2018,2018,,2023/11/02,to-read,to-read (#69),to-read,,,,0,0
61685996,Rootless,Krystle Zara Appiah,"Appiah, Krystle Zara",,"=""0593500458""","=""9780593500453""",0,3.83,Ballantine Books,Hardcover,346,2023,2023,,2023/10/07,to-read,to-read (#68),to-read,,,,0,0
56552949,"In the Company of Witches (Evenfall Witches B&B, #1)",Auralee Wallace,"Wallace, Auralee",,"=""059333583X""","=""9780593335833""",0,3.89,Berkley,Mass Market Paperback,336,2021,2021,,2023/08/29,to-read,to-read (#67),to-read,,,,0,0
40024121,The Gilded Ones,Namina Forna,"Forna, Namina",,"=""1984848704""","=""9781984848703""",5,3.99,Delacorte,Kindle Edition,432,2021,2020,2023/08/25,2023/08/17,,,read,Estaba entre 4 o 5 but sinceramente 5.<br/>Al principio una lee y dice uf aquí huele mal ya que hay muchas referencias súper patriarcales y ademas eugenics.<br/>Creo que es bastante hode a time machine o asi lo he imaginado yo<br/>Fantasía sisi<br/>Se destruye todo lo que se conoce y empiezas a ver la verdadera historia,,,1,0
59366193,All's Well,Mona Awad,"Awad, Mona",,"=""1982169672""","=""9781982169671""",0,3.74,Marysue Rucci Books,Paperback,384,2022,2021,,2023/08/19,to-read,to-read (#66),to-read,,,,0,0
11996,I Who Have Never Known Men,Jacqueline Harpman,"Harpman, Jacqueline",Ros Schwartz,"=""0380731819""","=""9780380731817""",0,4.22,Avon Eos,Mass Market Paperback,208,1998,1995,,2023/08/19,to-read,to-read (#65),to-read,,,,0,0
29044,The Secret History,Donna Tartt,"Tartt, Donna",,"=""1400031702""","=""9781400031702""",0,4.17,Vintage,Paperback,559,1992,1992,,2023/08/19,to-read,to-read (#64),to-read,,,,0,0
39216527,Paradise Rot,Jenny Hval,"Hval, Jenny",Marjam Idriss,"=""""","=""""",0,3.52,Verso,Paperback,160,2018,2009,,2023/08/19,to-read,to-read (#63),to-read,,,,0,0
58659343,Our Wives Under the Sea,Julia Armfield,"Armfield, Julia",,"=""152901722X""","=""9781529017229""",0,3.77,Picador,Paperback,240,2022,2022,,2023/08/19,to-read,to-read (#62),to-read,,,,0,0
153425,Near to the Wild Heart,Clarice Lispector,"Lispector, Clarice",Giovanni Pontiero,"=""0811211401""","=""9780811211406""",0,4.03,New Directions,Paperback,192,1990,1943,,2023/08/19,to-read,to-read (#61),to-read,,,,0,0
544175,Our Blood: Prophecies and Discourses on Sexual Politics,Andrea Dworkin,"Dworkin, Andrea",,"=""0704338866""","=""9780704338869""",2,4.41,Women's Press Ltd,Paperback,118,1982,1976,2023/08/10,2023/07/21,,,read,,,,1,0
69716122,Murder In The Family (DI Hilary Greene #5),Faith Martin,"Martin, Faith",,"=""1789312825""","=""9781789312829""",0,4.31,Joffe Books,Paperback,0,2020,2007,,2023/08/10,to-read,to-read (#60),to-read,,,,0,0
27917548,Sexual Politics,Kate Millett,"Millett, Kate","Rebecca Mead, Catharine A. MacKinnon","=""023117425X""","=""9780231174251""",0,3.98,Columbia University Press,Paperback,403,2016,1969,,2023/07/31,to-read,to-read (#59),to-read,,,,0,0
123249199,Woman Hating: De la misogynie (French Edition),Andrea Dworkin,"Dworkin, Andrea","Camille Chaplain, Harmony Devillard","=""2721011413""","=""9782721011411""",0,3.87,Des Femmes,Kindle Edition,0,2023,1974,,2023/07/31,to-read,to-read (#58),to-read,,,,0,0
40513206,Isn't Forever,Amy Key,"Key, Amy",,"=""1780371713""","=""9781780371719""",3,3.96,Bloodaxe Books,Paperback,77,2018,2018,2023/07/30,2023/07/21,,,read,Ta bien<br/>Osea no soy muy pro de la poesía así post post modernista que desestructura todo.<br/>I guess para entender todo bien tienes que saber mucho insight,,,1,0
59947698,The Attic Child,Lola Jaye,"Jaye, Lola",,"=""0063260379""","=""9780063260375""",5,4.37,William Morrow,Hardcover,480,2022,2022,2023/07/29,2023/07/20,,,read,Que mal que no le pueda dar como mil estrellas más a este libro ,,,1,0
38474,Another Country,James Baldwin,"Baldwin, James",,"=""0141186372""","=""9780141186375""",4,4.31,PENGUIN,Paperback,448,2006,1962,2023/04/24,2023/04/19,,,read,La primera parte creo que es la mejor y la que más engloba todo<br/>Hay mucho hidden homosexuality y muchas cuestiones de racism que tienen mucho juguito<br/>Además todos los personajes son muy realistas y humanos,,,1,0
495827,I Shot Andy Warhol,Daniel Minahan,"Minahan, Daniel",,"=""0747529957""","=""9780747529958""",4,3.78,Grove Press,Paperback,190,1996,1996,2023/07/21,2023/07/21,,,read,"Antes que nada Trigger Warning!!<br/>Empecé este libro en el avión yendo a Zagreb y unos 15 días después lo he terminado. Musha grasia Malina por esta obra de arte<br/>Ejem ejem aquí mis observaciones:<br/>El libro está dividido en 3 partes digamos, la primera es como poco vibe artículo scholar sobre Valerie y su vida sus cosas, el segundo es una obra de teatro contando un poco desde que Valerie conoció a Warhol hasta que le disparó. Y el tercero es el SCUM.<br/>Se me ha hecho bastante difícil de leer, sobre todo la parte del teatro ya que eran personajes nuevos continuamente, sitios que no tenía ni idea... Pero se sobrelleva. Ademas aunque en la primera parte ya se hable un poco de la vida de Valerie, en el play se ve un poco más como recurría a la prostitución y eso le hizo completamente desvincularse del sexo de forma afectiva, ya que ese agency sobre su cuerpo fue arrebatado de ella durante mucho tiempo ya que su stepdad abusaba de ella.<br/>La figura de Valerie me recuerda un poco a Jane Addams. Activismo y necesidad de cambiar el mundo al cual estaba expuesta.<br/>Es cierto que en el Scum manifestó se llevan ideas un poco ñe, y te enteras de la mitad sobre todo cuando habla con tantos eufemismos. Pero de base sus  ideas se podrían ver como una interpretación bastante acertada de la división de géneros y de los daños que causa al invidiuo dichas expectativas. Por ejemplo habla de los hombres como si fuesen una isla desierta, encerrados en ellos mismos. Y cosas así puedo extrapolarlo como una repercusión del patriarcado en hombres los cuales son incapaces de expresar sus emociones o de generar conexiones más allá de lo shallow.<br/>En fin, pensando pensamientos pensamentiosos",,,1,0
63141623,House Woman,Adorah Nworah,"Nworah, Adorah",,"=""1951213564""","=""9781951213565""",0,3.32,The Unnamed Press,Hardcover,314,2023,2023,,2023/07/20,to-read,to-read (#57),to-read,,,,0,0
34552816,Her Mother's Mother's Mother and Her Daughters,Maria José Silveira,"Silveira, Maria José",Eric M.B. Becker,"=""1940953723""","=""9781940953724""",0,4.07,Open Letter,Kindle Edition,352,2017,2002,,2023/07/20,to-read,to-read (#56),to-read,,,,0,0
30079724,Homesick for Another World,Ottessa Moshfegh,"Moshfegh, Ottessa",,"=""0399562885""","=""9780399562884""",0,3.62,Penguin Press,Hardcover,294,2017,2017,,2023/07/20,to-read,to-read (#55),to-read,,,,0,0
61089544,Arrangements in Blue: Notes on Loving and Living Alone,Amy Key,"Key, Amy",,"=""1324091738""","=""9781324091738""",0,3.82,Liveright,Hardcover,240,2023,2023,,2023/07/20,to-read,to-read (#54),to-read,,,,0,0
62997542,"Queer Life, Queer Love 2: The Second Anthology (The Queer Life, Queer Love Anthologies)",Matt Bates,"Bates, Matt","Julia Bell, Sarah Beal, Kate Beal","=""1739123824""","=""9781739123826""",0,3.70,Muswell Press,Paperback,288,2023,,,2023/07/20,to-read,to-read (#53),to-read,,,,0,0
62052301,The Disenchantment,Celia Bell,"Bell, Celia",,"=""0593317173""","=""9780593317174""",0,3.36,Pantheon,Hardcover,368,2023,2023,,2023/07/20,to-read,to-read (#52),to-read,,,,0,0
59221160,"We Need Snowflakes: In defence of the sensitive, the angry and the offended",Hannah Jewell,"Jewell, Hannah",,"=""1473672139""","=""9781473672130""",0,3.64,Coronet,Hardcover,320,2022,2022,,2023/07/20,to-read,to-read (#51),to-read,,,,0,0
124969808,Build Your House Around My Body,Violet Kupersmith,"Kupersmith, Violet",,"=""0861542908""","=""9780861542901""",0,3.82,,Hardcover,,,2021,,2023/07/20,to-read,to-read (#50),to-read,,,,0,0
55115922,Asylum Road,Olivia Sudjic,"Sudjic, Olivia",,"=""1526617382""","=""9781526617385""",0,3.59,Bloomsbury Publishing Plc (UK & ANZ),Hardcover,240,2021,2021,,2023/07/20,to-read,to-read (#49),to-read,,,,0,0
92697355,Never Was,H. Gareth Gavin,"Gavin, H. Gareth",,"=""1739784960""","=""9781739784966""",0,3.84,Cipher Press,Paperback,329,2023,2023,,2023/07/20,to-read,to-read (#48),to-read,,,,0,0
63215508,How to Write About Africa: Collected Works,Binyavanga Wainaina,"Wainaina, Binyavanga",Chimamanda Ngozi Adichie,"=""0812989651""","=""9780812989656""",0,4.37,One World,Hardcover,368,2023,2006,,2023/07/20,to-read,to-read (#47),to-read,,,,0,0
62919394,Ripe,Sarah Rose Etter,"Etter, Sarah Rose",,"=""1668011638""","=""9781668011638""",0,3.62,Scribner,Hardcover,288,2023,2023,,2023/07/11,to-read,to-read (#46),to-read,,,,0,0
39090931,"Witches, Witch-Hunting, and Women",Silvia Federici,"Federici, Silvia",,"=""1629635685""","=""9781629635682""",5,4.14,PM Press,Paperback,120,2018,2018,2023/07/04,2023/04/30,,,read,muy recomendable sisi<br/>Witch hunt pero aplicado a la actualidad y explicado mediante procesos socioeconomicos y la expropiación de tierras....,,,1,0
76778,The Martian Chronicles,Ray Bradbury,"Bradbury, Ray",Michael Whelan,"=""0553278223""","=""9780553278224""",0,4.15,Bantam/Spectra,Mass Market Paperback,182,1984,1950,,2023/07/04,to-read,to-read (#45),to-read,,,,0,0
12748620,Condenada belleza del mundo,Luis Martín-Santos,"Martín-Santos, Luis",,"=""8432243086""","=""9788432243080""",0,4.00,Seix Barral,Paperback,101,2004,2004,,2023/07/03,to-read,to-read (#44),to-read,,,,0,0
28256204,Edward Thomas (Faber Poetry),Edward Thomas,"Thomas, Edward",Matthew Hollis,"=""0571328776""","=""9780571328772""",3,4.01,Faber & Faber,Hardcover,224,2016,1964,2023/07/02,2023/06/18,,,read,No es mi cup of tea la verdad. Es naturalista y tal.<br/>Una casa roja me trae un poco manic pero todo correcto<br/>Además tiene una metáfora muy chula del césped como escorpion grass (me pareció reveladora la comparación),,,1,0
61028415,Now She is Witch,Kirsty Logan,"Logan, Kirsty",,"=""178730342X""","=""9781787303423""",0,3.53,Harvill Secker,Hardcover,338,2023,2023,,2023/06/25,to-read,to-read (#43),to-read,,,,0,0
51714,The Sexual Politics of Meat: A Feminist-Vegetarian Critical Theory,Carol J. Adams,"Adams, Carol J.",,"=""0826411843""","=""9780826411846""",0,3.99,Continuum Intl Pub Group,Paperback,272,1999,1990,,2023/06/23,to-read,to-read (#42),to-read,,,,0,0
58468792,Femina,Janina Ramírez,"Ramírez, Janina",,"=""0753558254""","=""9780753558256""",0,4.06,WH Allen Ebury Press,Hardcover,464,2022,2022,,2023/06/13,to-read,to-read (#41),to-read,,,,0,0
51582376,The Secret Lives of Church Ladies,Deesha Philyaw,"Philyaw, Deesha",,"=""1949199738""","=""9781949199734""",0,4.16,West Virginia University Press,Paperback,179,2020,2020,,2023/06/08,to-read,to-read (#40),to-read,,,,0,0
17465709,"Braiding Sweetgrass: Indigenous Wisdom, Scientific Knowledge, and the Teachings of Plants",Robin Wall Kimmerer,"Kimmerer, Robin Wall",,"=""1571313354""","=""9781571313355""",0,4.53,Milkweed Editions,Hardcover,408,2013,2013,,2023/06/07,to-read,to-read (#39),to-read,,,,0,0
35997,Clear Light of Day,Anita Desai,"Desai, Anita",,"=""0618074511""","=""9780618074518""",3,3.71,Harper Perennial,Paperback,183,2000,1980,2023/05/26,2023/05/26,,,read,Me gustan los psychological formulations y esto habla mucho de alienation en cierto modo.<br/>ta bien,,,1,0
14836,Midnight’s Children,Salman Rushdie,"Rushdie, Salman",,"=""0099578514""","=""9780099578512""",3,3.98,Vintage,Paperback,647,1995,1981,2023/05/26,2023/05/26,,,read,En plan amor odio<br/>La metáfora esa de cubrir a la mujer<br/>amor odio<br/>muestras e intentas criticar el colonialismo o es que tratas a la mujer como un sofá que se tapa con una manta para que no le caiga el polvo?<br/>yks,,,1,0
1768603,The White Tiger,Aravind Adiga,"Adiga, Aravind",,"=""1416562591""","=""9781416562597""",4,3.77,Free Press,Hardcover,276,2008,2008,2023/05/26,2023/05/26,,,read,Un libro algo rarico en forma de cartas. Tiene mucho significado la metáfora de light and dark<br/>Y ademas me gusta proque es una crítica a pensar que el inglés es la forma de llegar al éxito y que hablar inglés es una prioridad - incluso antes que comer -.<br/>Además se queja mucho de la división de sociedad.<br/>Bueno le había puesto un 3 y ahora que he hecho recolección en realidad se merece un 4,,,1,0
162,Untouchable,Mulk Raj Anand,"Anand, Mulk Raj",E.M. Forster,"=""0140183957""","=""9780140183955""",4,3.73,Penguin Books,Paperback,160,1990,1935,2023/05/26,2023/05/26,,,read,Yo me quedé flipando con el caste system que habia y toda la división de la sociedad. Me ha gustado porque además no era consciente. Esta muy chulo escrito y se entiende bien.<br/>Sino me equivoco también tenía muchas connotaciones de crítica colonial y de la visión europea.,,,1,0
210435,Waiting for the Mahatma,R.K. Narayan,"Narayan, R.K.",,"=""0226568288""","=""9780226568287""",3,3.83,University of Chicago Press,Paperback,256,1981,1955,2023/05/26,2023/05/26,,,read,Es un buen libro para estudiar la época revolucionaria India y ademas tiene muchas connotaciones de censura. Es como dos argumentos que luchan x salir. Que vaya en modo técnico es bástate materialist. Critica la censura y a la vez explica cómo ocurrió esta división de India entre India y pakistaní en 1947. Y supongo que también cuando se independizaron del British empire.,,,1,0
9777,The God of Small Things,Arundhati Roy,"Roy, Arundhati",,"=""0679457313""","=""9780679457312""",4,3.96,Random House,Paperback,321,1997,1997,2023/05/26,2023/02/07,,,read,horroroso<br/>Osea es uno de esos libros en los que no te enteras de nada y ahora cuando me lea posiblemente todos los artículos lo entienda todo<br/>Muchas repeticiones que sabes que tiene significado pero jaja intuye cuáles son!!<br/>Es un libro que se tiene que equiparar para quererlo con conocimiento que no tengo!!<br/>Le pondría un 2 pero se que cuando me ponga a leer artículos y lo entienda todo lo amaré. Pero ahora estoy más perdida que cuando lo empecé a leer!!,,,1,0
21375203,Flood of Fire,Amitav Ghosh,"Ghosh, Amitav",,"=""0719569001""","=""9780719569005""",0,4.15,Murray,Hardcover,616,2015,2015,,2023/05/21,to-read,to-read (#38),to-read,,,,0,0
9783627,River of Smoke,Amitav Ghosh,"Ghosh, Amitav",,"=""0719568986""","=""9780719568985""",0,3.96,Murray,Hardcover,522,2011,2011,,2023/05/21,to-read,to-read (#37),to-read,,,,0,0
59344312,Verity,Colleen Hoover,"Hoover, Colleen",,"=""153872474X""","=""9781538724743""",0,4.31,Grand Central Publishing,ebook,336,2021,2018,,2023/05/21,to-read,to-read (#36),to-read,,,,0,0
5186,"Breath, Eyes, Memory",Edwidge Danticat,"Danticat, Edwidge",,"=""037570504X""","=""9780375705045""",5,3.90,Vintage,Paperback,234,1998,1994,2023/05/20,2022/10/25,,,read,Me ha encantao releermelo ❤️,,,2,0
50058115,Señoras que se empotraron hace mucho,Cristina Domenech,"Domenech, Cristina",,"=""841700193X""","=""9788417001933""",0,4.31,Plan B ,Paperback,224,2019,2019,,2023/05/19,to-read,to-read (#35),to-read,,,,0,0
62052300,Quietly Hostile: Essays,Samantha Irby,"Irby, Samantha",,"=""0593315693""","=""9780593315699""",0,3.69,Vintage,Paperback,290,2023,2023,,2023/05/16,to-read,to-read (#34),to-read,,,,0,0
53238858,"What Happened To You?: Conversations on Trauma, Resilience, and Healing",Bruce D. Perry,"Perry, Bruce D.",Oprah Winfrey,"=""1250223180""","=""9781250223180""",0,4.44,Flatiron Books: An Oprah Book,Hardcover,304,2021,2021,,2023/05/16,to-read,to-read (#33),to-read,,,,0,0
52263,SCUM Manifesto,Valerie Solanas,"Solanas, Valerie",Avital Ronell,"=""1859845533""","=""9781859845530""",4,3.76,Verso,Hardcover,96,2004,1967,2023/05/15,2023/05/12,,,read,Da a que pensar<br/>Leerlo de forma satírica o literal? weno cada uno decide,,,1,0
42206658,Last Days at Hot Slit: The Radical Feminism of Andrea Dworkin,Andrea Dworkin,"Dworkin, Andrea","Johanna Fateman, Amy Scholder","=""1635900808""","=""9781635900804""",0,4.38,Semiotext(e),Paperback,408,2019,2019,,2023/04/19,currently-reading,currently-reading (#6),currently-reading,,,,1,0
51794301,Beyond the Gender Binary,Alok Vaid-Menon,"Vaid-Menon, Alok",Ashley Lukashevsky,"=""0593094654""","=""9780593094655""",0,4.49,Penguin Workshop,Paperback,64,2020,2020,,2023/05/11,to-read,to-read (#32),to-read,,,,0,0
37781,"Things Fall Apart (The African Trilogy, #1)",Chinua Achebe,"Achebe, Chinua",,"=""""","=""""",3,3.74,Anchor Books,Paperback,215,1994,1958,,2023/02/07,,,read,,,,2,0
60454890,"""Colonisation in Reverse""",Louise Bennett,"Bennett, Louise",,"=""""","=""""",4,4.50,,,,1966,,2023/05/09,2023/04/30,,,read,Poema escrito en Jamaican English<br/>no niego que no lo he entendido muy bien,,,1,0
231558,Our Sister Killjoy,Ama Ata Aidoo,"Aidoo, Ama Ata",,"=""0582308453""","=""9780582308459""",4,3.88,Longman,Paperback,134,1994,1977,2023/05/09,2023/04/30,,,read,,,,1,0
318742,The Souls of Black Folk,W.E.B. Du Bois,"Bois, W.E.B. Du","Donald B. Gibson, Monica W. Elbert","=""""","=""""",5,4.30,Penguin Classics,Paperback,288,1996,1903,2023/05/09,2023/04/30,,,read,"Me he pasado todo el libro con los pelos de punta.<br/>Y como he hecho ahora una tradición de poner quotes aquí va<br/>La concienciacion del racismo que hay en la sociedad y la importancia de leer obras como estas!! Mandatory<br/>""He felt his poverty; without a cent, without a home, without land, tools, or savings, he had entered into competition with rich, landed, skilled neighbours. To be a poor man is hard, but to be a poor race in a land of dollars is the very bottom of hardships""",,,1,0
58465797,Sexy But Psycho: How the Patriarchy Uses Women’s Trauma Against Them,Jessica   Taylor,"Taylor, Jessica",,"=""1472135490""","=""9781472135490""",5,3.84,Constable,Hardcover,368,2022,2022,2023/05/07,2023/05/05,,,read,"Creo que realmente es un libro que toda persona debería de leerse. Como en todos lados el patriarcado se encuentra también en la psicología. Me gusta mucho su approach de, vivimos en una sociedad que nos oprime, es normal que nuestro cuerpo y nuestra mente tenga una repuesta a esto. <br/>Highlighted quotes<br/>""Sex has always been for men. Pleasure has always been for men. Reproduction has always been for men. Women's bodies have always been for men"".<br/>""Women and girls exist in an environment which causes them serious harm"".<br/>....",,,1,0
75009603,The English Passengers,Matthew Kneale,"Kneale, Matthew",,"=""""","=""""",3,4.07,Nan A. Talese/Doubleday,Paperback,0,2000,2000,2023/05/06,2023/04/30,,,read,Cute que describió por el amor a las piedras que la biblia es una falsedad<br/>What a surprise girlie!!,,,1,0
20003795,The Conversations At Curlew Creek,David Malouf,"Malouf, David",,"=""""","=""""",3,3.63,Vintage Digital,Kindle Edition,242,2012,1996,2023/05/06,2023/04/30,,,read,meh osea bien<br/>Historia de Australia y tal,,,1,0
1330324,"Sea of Poppies (Ibis Trilogy, #1)",Amitav Ghosh,"Ghosh, Amitav",,"=""071956896X""","=""9780719568961""",5,3.97,John Murray Publisher,Paperback,513,2008,2008,2023/05/03,2023/04/30,,,read,"Uno de los mejores libros que me he leído en este año creo. Temas de post-memory, trauma, eco-colonialization, deterritorialization...<br/>Mis dieses",,,1,0
31119624,In Praise of Women's Bodies (Singles Classic),Gloria Steinem,"Steinem, Gloria",,"=""""","=""""",2,4.13,,Kindle Edition,9,2016,1982,2023/05/03,2023/05/03,,,read,,,,1,0
291961,Jock of the Bushveld,J. Percy FitzPatrick,"FitzPatrick, J. Percy",,"=""0868520586""","=""9780868520582""",3,4.08,Jonathan Ball Publishers (Pty) Ltd,Paperback,280,2002,1907,2023/04/30,2023/04/28,,,read,Solo voy a decir una cosa: hasta el coño/<br/>Vale ahora comento desde un punto de vista menos hasta el coño:<br/>Es cuqui pero supongo que tiene tantas alusiones por Cape Town que yo desde afuera no entiendo una mierda. Tienes que buscar muchas referencias de quien fue Rhodes que es noseke para cogerle un poco el hilo. Pero me gusta que tiene un perrito y creo que en otro momento me hubiese gustado mas,,,1,0
54633172,The Promise,Damon Galgut,"Galgut, Damon",,"=""1784744069""","=""9781784744069""",3,3.86,Chatto & Windus,Hardcover,293,2021,2021,2023/04/27,2023/02/07,,,read,,,,1,0
158674,Nervous Conditions,Tsitsi Dangarembga,"Dangarembga, Tsitsi",,"=""1580051340""","=""9781580051347""",3,4.04,Seal Pr,Paperback,204,2004,1988,2023/04/27,2023/04/19,,,read,,,,1,0
371397,A Question of Power,Bessie Head,"Head, Bessie",,"=""0435907204""","=""9780435907204""",4,3.69,Longman,Paperback,206,2009,1973,2023/04/27,2023/04/19,,,read,Mi fav además me gustó mucho la historia de la escritora,,,1,0
210722,The Joys of Motherhood,Buchi Emecheta,"Emecheta, Buchi",,"=""043590972X""","=""9780435909727""",4,4.20,Longman,Paperback,224,1994,1979,2023/04/23,2023/04/07,,,read,Me gustaría releerlo en otro momento<br/>No me puedo concentrar en tantas novelas a la vez,,,2,0
69711,A Small Place,Jamaica Kincaid,"Kincaid, Jamaica",,"=""0374527075""","=""9780374527075""",5,4.05,"Farrar, Straus and Giroux",Paperback,81,2000,1988,2023/04/23,2023/03/14,,,read,Sin palabras es como una bomba de crítica al colonialismo y neo colonialismo. tiene mil metáforas y me encanta,,,2,0
49744485,The Burnout Generation,Anne Helen Petersen,"Petersen, Anne Helen",,"=""""","=""""",2,3.18,Audible Original ,Audible Audio,,2019,2019,2023/04/23,2023/04/23,,,read,El principio dije si soy un walking to do list<br/>Pero los ejemplos son bastante americanos creo student debt y esas cosillas y en cierto modo me hizo sentir más angustiada<br/>Pero recomiendo el principio,,,1,0
406235,Giovanni’s Room,James Baldwin,"Baldwin, James",,"=""""","=""""",0,4.33,Laurel,Paperback,178,1988,1956,,2023/04/21,to-read,to-read (#31),to-read,,,,0,0
8129,L.M. Montgomery's Anne of Green Gables,Jennifer Dussling,"Dussling, Jennifer","L.M. Montgomery, Lydia Halverson","=""0448424592""","=""9780448424590""",5,4.57,Grosset & Dunlap,Paperback,48,2001,2001,,2023/04/19,,,read,,,,1,0
85766,Epistemology of the Closet,Eve Kosofsky Sedgwick,"Sedgwick, Eve Kosofsky",,"=""0520078748""","=""9780520078741""",5,4.11,University of California Press,Paperback,258,1990,1990,,2023/04/19,,,read,No hay desperdicio<br/>debería de ser mandatory reading y no tanto Shakespeare y Sr Gawain y,,,1,0
427379,Between Men: English Literature and Male Homosocial Desire (Gender and Culture),Eve Kosofsky Sedgwick,"Sedgwick, Eve Kosofsky","Nancy K. Miller, Carolyn G. Heilbrun","=""0231082738""","=""9780231082730""",5,4.07,Columbia University Press,Paperback,244,1985,1985,,2023/04/19,,,read,Si pudiese ponerle más me quedaba sin estrella en el cielo pa darle<br/>la reina de mis sentraña<br/>la reina de mis teorías<br/>te pongo una estatua en medio caí,,,1,0
38447,"The Handmaid’s Tale (The Handmaid's Tale, #1)",Margaret Atwood,"Atwood, Margaret",,"=""""","=""""",5,4.14,Anchor Books,Paperback,311,1998,1985,,2023/04/19,,,read,,,,1,0
40265834,"The Source of Self-Regard: Selected Essays, Speeches, and Meditations",Toni Morrison,"Morrison, Toni",,"=""0525521038""","=""9780525521037""",0,4.30,Knopf,Hardcover,354,2019,2019,,2023/04/19,to-read,to-read (#30),to-read,,,,0,0
41940073,Rape: From Lucretia to #MeToo,Mithu M. Sanyal,"Sanyal, Mithu M.",,"=""1786637502""","=""9781786637505""",0,4.36,Verso,Hardcover,256,2019,2016,,2023/04/19,to-read,to-read (#29),to-read,,,,0,0
40365093,Thick: And Other Essays,Tressie McMillan Cottom,"Cottom, Tressie McMillan",,"=""1620974363""","=""9781620974360""",0,4.44,The New Press,Hardcover,244,2019,2019,,2023/04/19,to-read,to-read (#28),to-read,,,,0,0
43427042,The Seven Necessary Sins for Women and Girls,Mona Eltahawy,"Eltahawy, Mona",,"=""0807013811""","=""9780807013816""",0,4.21,Beacon Press,Hardcover,216,2019,2019,,2023/04/19,to-read,to-read (#27),to-read,,,,0,0
38362811,The Witches Are Coming,Lindy West,"West, Lindy",,"=""0316449881""","=""9780316449885""",0,4.12,Hachette Books,Hardcover,260,2019,2019,,2023/04/19,to-read,to-read (#26),to-read,,,,0,0
39663252,How to Date Men When You Hate Men,Blythe Roberson,"Roberson, Blythe",,"=""1250319161""","=""9781250319166""",0,3.20,Macmillan Audio,Audio CD,,2019,2019,,2023/04/19,to-read,to-read (#25),to-read,,,,0,0
60314250,Venus in Two Acts,Saidiya Hartman,"Hartman, Saidiya",,"=""""","=""""",4,4.77,Duke University Press,ebook,14,2008,,,2022/11/23,,,read,,,,1,0
36479356,American Sonnets for My Past and Future Assassin,Terrance Hayes,"Hayes, Terrance",,"=""0143133187""","=""9780143133186""",4,4.27,Penguin Books Ltd,Paperback,91,2018,2018,2023/04/11,2023/04/11,,,read,Soneto con estructura old English (Beowulf)<br/>Muy compacto de información y todas las palabras tienen un deeper meaning.<br/>Diria que te permite sentir lo que es ser negro en América a primera vista no tanto por el meaning (porque cuesta analizarlo) pero por el sentimiento de angustia,,,1,0
240009,The Interesting Narrative of the Life of Olaudah Equiano,Olaudah Equiano,"Equiano, Olaudah",Robert J. Allison,"=""0312442033""","=""9780312442033""",3,3.74,Bedford/St. Martin's,Paperback,256,2006,1789,,2023/04/07,,,read,Me parece un narrador bastante unreliable. Y además la correlación entre esta novela y Oroonoko.<br/>Olaudah Oroonoko y Okonkwo<br/>Hay mucho paralelismo entre esas novelas y me da alegrías,,,1,0
41820541,"El príncipe cruel (Los habitantes del aire, #1)",Holly Black,"Black, Holly",Jaime Valero,"=""8417390618""","=""9788417390617""",0,4.03,Hidra,Paperback,464,2018,2018,,2023/03/24,to-read,to-read (#24),to-read,,,,0,0
46231474,"Unfuck Your Boundaries: Build Better Relationships Through Consent, Communication, and Expressing Your Needs (5-Minute Therapy)",Faith G. Harper,"Harper, Faith G.",,"=""1621061000""","=""9781621061007""",5,4.01,Microcosm Publishing,Paperback,192,2020,,2023/03/23,2023/03/23,,,read,es como una sesión larga de terapia,,,1,0
96002015,Some People Have Real Problems,Brit Bennett,"Bennett, Brit",Tessa Thompson,"=""""","=""""",3,3.43,Audible Originals,Audible Audio,1,2022,2022,,2023/03/23,,,read,I mean...,,,1,0
50874164,Honeymoon For One,Portia MacIntosh,"MacIntosh, Portia",,"=""1838890769""","=""9781838890766""",5,3.91,Boldwood Books,Kindle Edition,344,2019,2019,2023/03/18,2023/03/12,,,read,Screaming shouting sí solamente<br/>Los personajes 10/10<br/>A veces necesitas un libro que te engancha y que te hace felí<br/>Adoramos completamente,,,1,0
236830,The Journals of Lewis and Clark,Meriwether Lewis,"Lewis, Meriwether","Stephen E. Ambrose, Bernard DeVoto, William  Clark","=""0395859964""","=""9780395859964""",0,4.11,Mariner Books,Paperback,576,1997,1905,,2023/03/07,to-read,to-read (#23),to-read,,,,0,0
43155523,"The Couple on Cedar Close (Detective Dan Riley, #2)",Anna-Lou Weatherley,"Weatherley, Anna-Lou",,"=""1786814986""","=""9781786814982""",5,3.93,Bookoutre ,ebook,348,2019,2019,2023/03/02,2023/02/15,,,read,Osea vaya roller-coaster<br/>Al Denis le gustaría,,,1,0
33621427,Home Fire,Kamila Shamsie,"Shamsie, Kamila",,"=""0735217688""","=""9780735217683""",4,4.02,Riverhead Books,Hardcover,276,2017,2017,2023/03/01,2023/02/07,,,read,Everyone should read it,,,1,0
61171523,The Cat Who Caught a Killer (Conrad the Cat Detective #1),L.T. Shearer,"Shearer, L.T.",,"=""1529098025""","=""9781529098020""",0,3.31,Macmillan,Kindle Edition,318,2022,2022,,2023/02/20,to-read,to-read (#22),to-read,,,,0,0
22609341,Come as You Are: The Surprising New Science that Will Transform Your Sex Life,Emily Nagoski,"Nagoski, Emily",,"=""1476762090""","=""9781476762098""",5,4.29,Simon & Schuster,Paperback,400,2015,2015,2023/02/13,2023/01/14,,,read,Everyone should read it,,,1,0
50224049,How to Kill Your Family,Bella Mackie,"Mackie, Bella",,"=""""","=""""",0,3.53,The Borough Press,Hardcover,355,2021,2021,,2023/02/11,to-read,to-read (#21),to-read,,,,0,0
54785502,Agatha of Little Neon,Claire Luchette,"Luchette, Claire",,"=""0374265267""","=""9780374265267""",0,3.96,"Farrar, Straus and Giroux",Hardcover,273,2021,2021,,2023/02/11,to-read,to-read (#20),to-read,,,,0,0
108623,I Think of You: Stories,Ahdaf Soueif,"Soueif, Ahdaf",,"=""0307277216""","=""9780307277213""",4,3.41,Knopf Doubleday Publishing Group,Paperback,182,2007,1996,2023/02/11,2023/02/07,,,read,ni bien ni mal sino todo lo contrario<br/>tiene su encanto son pequeñas historias que todas te dejan wtf,,,1,0
43822317,The Braid,Laetitia Colombani,"Colombani, Laetitia",,"=""1982130032""","=""9781982130039""",0,4.00,Atria Books,Paperback,224,2019,2017,,2023/02/08,to-read,to-read (#19),to-read,,,,0,0
410810,Notes of a Native Son,James Baldwin,"Baldwin, James",,"=""0807064319""","=""9780807064313""",0,4.37,Beacon Press,Paperback,192,1984,1955,,2023/02/07,to-read,to-read (#18),to-read,,,,0,0
411496,Voss,Patrick White,"White, Patrick",,"=""0099324717""","=""9780099324713""",0,3.78,Vintage Classics,Paperback,448,1994,1957,,2023/02/07,to-read,to-read (#17),to-read,,,,0,0
133497,The Whale Rider,Witi Ihimaera,"Ihimaera, Witi",,"=""0152050167""","=""9780152050160""",0,3.84,"Harcourt, Inc",Paperback,152,2003,1987,,2023/02/07,to-read,to-read (#16),to-read,,,,0,0
17899355,"Love Sense: The Revolutionary New Science of Romantic Relationships (The Dr. Sue Johnson Collection, 2)",Sue Johnson,"Johnson, Sue",,"=""0316133760""","=""9780316133760""",0,4.10,"Little, Brown Spark",Hardcover,352,2013,2013,,2023/02/01,to-read,to-read (#15),to-read,,,,0,0
1566449,Healing Sex: A Mind-Body Approach to Healing Sexual Trauma,Staci Haines,"Haines, Staci",,"=""1573442933""","=""9781573442930""",0,4.28,Cleis Press,Paperback,267,2007,2007,,2023/02/01,to-read,to-read (#14),to-read,,,,0,0
937105,Lolly Willowes,Sylvia Townsend Warner,"Warner, Sylvia Townsend",Alison Lurie,"=""0940322161""","=""9780940322165""",0,3.71,New York Review Books Classics,Paperback,222,1999,1926,,2023/01/14,to-read,to-read (#13),to-read,,,,0,0
135198,A Perilous Advantage: The Best of Natalie Clifford Barney,Natalie Clifford Barney,"Barney, Natalie Clifford",,"=""0934678383""","=""9780934678384""",0,3.87,New Victoria Pub,Paperback,198,1992,1992,,2023/01/14,to-read,to-read (#12),to-read,,,,0,0
55711706,Everyone in This Room Will Someday Be Dead,Emily R. Austin,"Austin, Emily R.",,"=""1982167351""","=""9781982167356""",2,3.86,Atria Books,Hardcover,256,2021,2021,2023/01/07,2022/12/24,,,read,primeras páginas pensaba que era genial. La forma en la que describía todo era como wawawiwa.<br/>Después empiezas a leer y es una continua serie de crisis existencial. Estar hyperaware de que te puedes morir en cualquier momento y de que tu vida es corta e inútil.<br/>Pensaba que el final me haría cambiar esa sensación y nada.<br/>Longstory short: si te da ansiedad la idea de la fragilidad de la vida humana mejor no lo leas porque estarás como yo teniendo crisis existenciales.<br/>Punto positivo: se lee rápido,,,1,0
51019,Cat’s Eye,Margaret Atwood,"Atwood, Margaret",,"=""0385491026""","=""9780385491020""",0,3.95,Anchor,Paperback,462,1998,1988,,2022/12/24,to-read,to-read (#11),to-read,,,,0,0
36236124,Fight Club,Chuck Palahniuk,"Palahniuk, Chuck",,"=""0393355942""","=""9780393355949""",5,4.18,W. W. Norton & Company,Paperback,224,2018,1996,,2022/12/05,,,read,Deseando que un cishetero cinefilo me diga que su película favorita es fight club para poder decirle que esta llena de referencias de penes y gays,,,1,0
53835,The Age of Innocence,Edith Wharton,"Wharton, Edith",Maureen Howard,"=""159308143X""","=""9781593081430""",0,3.97,Barnes & Noble Classics,Paperback,293,2004,1920,,2022/12/24,currently-reading,currently-reading (#5),currently-reading,,,,1,0
36607463,Inward,Yung Pueblo,"Pueblo, Yung",,"=""1974607208""","=""9781974607204""",3,4.21,Amazon Digital Services,Paperback,222,2017,2017,,2022/12/09,,,read,,,,1,0
41880609,On Earth We're Briefly Gorgeous,Ocean Vuong,"Vuong, Ocean",,"=""0525562028""","=""9780525562023""",5,4.03,Penguin Press,Hardcover,246,2019,2019,2022/12/13,2022/12/09,,,read,,,,1,0
54719851,The Nine Lives of Rose Napolitano,Donna Freitas,"Freitas, Donna",,"=""1984880594""","=""9781984880598""",5,3.68,Pamela Dorman Books,Hardcover,384,2021,2021,2022/12/09,2022/11/24,,,read,Perfecto si quieres llorar y replantearte tu vida.<br/>Empiezas a llorar en la pagina 25,,,1,0
1184786,City of Dreadful Delight: Narratives of Sexual Danger in Late-Victorian London,Judith R. Walkowitz,"Walkowitz, Judith R.",,"=""0226871460""","=""9780226871462""",0,3.92,University of Chicago Press,Paperback,368,1992,1992,,2022/12/09,to-read,to-read (#10),to-read,,,,0,0
50898126,Flowers on the Moon,Billy Chapata,"Chapata, Billy",,"=""1524860417""","=""9781524860417""",5,4.12,Andrews McMeel Publishing,Paperback,304,2020,2020,,2022/12/09,,,read,,,,1,0
43819413,Aphrodite Made Me Do It,Trista Mateer,"Mateer, Trista",,"=""""","=""""",3,3.97,Central Avenue Poetry,Kindle Edition,191,2019,2019,,2022/12/09,,,read,,,,1,0
108359,Eveline (Creative Short Stories),James Joyce,"Joyce, James",,"=""""","=""""",4,3.61,Creative Co,Library Binding,31,1989,1904,,2022/12/09,,,read,,,,1,0
13250990,Happy Endings,Margaret Atwood,"Atwood, Margaret",,"=""""","=""""",4,3.96,,ebook,3,,1983,,2022/12/09,,,read,,,,1,0
33375622,Her Body and Other Parties: Stories,Carmen Maria Machado,"Machado, Carmen Maria",,"=""155597788X""","=""9781555977887""",3,3.83,Graywolf Press,Paperback,248,2017,2017,2022/12/06,2022/10/25,,,read,,,,1,0
17899948,Rebecca,Daphne du Maurier,"Maurier, Daphne du",,"=""0316323705""","=""9780316323703""",0,4.25,"Little, Brown and Company",Kindle Edition,449,2013,1938,,2022/12/05,to-read,to-read (#9),to-read,,,,0,0
1260352,The Lesbian Heresy,Sheila Jeffreys,"Jeffreys, Sheila",,"=""1875559175""","=""9781875559176""",5,4.17,Spinifex Press,Paperback,208,1993,1993,,2022/12/02,,,read,,,,1,0
1116977,Zofloya,Charlotte Dacre,"Dacre, Charlotte",Adriana Craciun,"=""1551111462""","=""9781551111469""",0,3.60,Broadview Press Inc,Paperback,303,1997,1806,,2022/11/25,to-read,to-read (#8),to-read,,,,0,0
28537667,El archivero de la Lubianka,Travis Holland,"Holland, Travis",Pepa Linares,"=""8420649198""","=""9788420649191""",5,3.53,Alianza Editorial,Hardcover,383,2008,2007,,2022/11/24,,,read,,,,1,0
58571,Guerra y paz,Leo Tolstoy,"Tolstoy, Leo",,"=""8484036545""","=""9788484036548""",2,4.16,Edimat Libros,Hardcover,704,2003,1869,,2022/11/24,,,read,,,,1,0
9505358,The Secret Diaries of Miss Anne Lister,Anne Lister,"Lister, Anne",Helena Whitbread,"=""""","=""""",5,3.95,Virago,Paperback,422,2012,1992,,2022/11/21,,,read,,,,1,0
25489625,Between the World and Me,Ta-Nehisi Coates,"Coates, Ta-Nehisi",,"=""""","=""""",4,4.40,Spiegel & Grau,Hardcover,152,2015,2015,,2022/11/21,,,read,,,,1,0
3326879,El libro de las cosas perdidas,John Connolly,"Connolly, John",,"=""8497543149""","=""9788497543149""",0,3.96,Oniro,Hardcover,541,2008,2006,,2022/11/21,to-read,to-read (#7),to-read,,,,0,0
55159652,Las maravillas,Elena Medel,"Medel, Elena",,"=""8433999087""","=""9788433999085""",2,3.39,Anagrama,Paperback,232,2020,2020,,2022/11/14,,,read,,,,1,0
432,"City of Glass (The New York Trilogy, #1)",Paul Auster,"Auster, Paul",,"=""0140097317""","=""9780140097313""",4,3.76,Penguin Books,Paperback,203,1987,1985,2022/11/14,2022/11/10,,,read,,,,1,0
10628,Night Shift,Stephen        King,"King, Stephen",,"=""""","=""""",0,4.04,Hodder & Stoughton,Paperback,409,1979,1978,,2022/11/11,to-read,to-read (#6),to-read,,,,0,0
5107,The Catcher in the Rye,J.D. Salinger,"Salinger, J.D.",,"=""0316769177""","=""9780316769174""",4,3.80,Back Bay Books,Paperback,277,2001,1951,2022/11/10,2022/11/02,,,read,,,,1,0
6514,The Bell Jar,Sylvia Plath,"Plath, Sylvia",,"=""""","=""""",5,4.06,Harper Perennial Modern Classics,Paperback,294,2006,1963,2022/11/04,2022/11/02,,,read,,,,1,0
11623,The Unabridged Journals of Sylvia Plath,Sylvia Plath,"Plath, Sylvia",Karen V. Kukil,"=""0385720254""","=""9780385720250""",0,4.26,Vintage,Paperback,732,2000,2000,,2022/10/31,currently-reading,currently-reading (#4),currently-reading,,,,1,0
2493,The Time Machine,H.G. Wells,"Wells, H.G.","Greg Bear, Carlo Pagetti","=""""","=""""",4,3.89,Signet Classics,Paperback,118,2002,1895,,2022/11/02,,,read,,,,1,0
43906562,After / After We Collided / After We Fell / After Ever Happy / Before,Anna Todd,"Todd, Anna",,"=""912436892X""","=""9789124368920""",4,4.43,Simon & Schuster UK,Paperback,3006,2019,,,2022/10/29,,,read,,,,1,0
67890,The Archetypes and the Collective Unconscious (Collected Works 9i),C.G. Jung,"Jung, C.G.","Michael Fordham, Herbert Read, R.F.C. Hull","=""0691097615""","=""9780691097619""",0,4.30,Princeton University Press (NJ),Hardcover,550,1969,1959,,2022/10/29,to-read,to-read (#5),to-read,,,,0,0
248704,It's Kind of a Funny Story,Ned Vizzini,"Vizzini, Ned",,"=""078685197X""","=""9780786851973""",0,4.08,Disney Hyperion,Paperback,444,2007,2006,,2022/10/29,to-read,to-read (#4),to-read,,,,0,0
14367071,"The Complete Hush, Hush Saga: Hush, Hush / Crescendo / Silence / Finale (Hush, Hush #1-4)",Becca Fitzpatrick,"Fitzpatrick, Becca",,"=""144247372X""","=""9781442473720""",4,4.41,Simon & Schuster Books for Young Readers,Hardcover,1744,2012,2012,,2022/10/29,,,read,,,,1,0
12000020,"Aristotle and Dante Discover the Secrets of the Universe (Aristotle and Dante, #1)",Benjamin Alire Sáenz,"Sáenz, Benjamin Alire",,"=""1442408928""","=""9781442408920""",0,4.30,Simon & Schuster Books for Young Readers,Hardcover,390,2012,2012,,2022/10/29,to-read,to-read (#3),to-read,,,,0,0
8127,"Anne of Green Gables (Anne of Green Gables, #1)",L.M. Montgomery,"Montgomery, L.M.",,"=""0451528824""","=""9780451528827""",4,4.32,Signet,Mass Market Paperback,320,2003,1908,,2022/10/25,,,read,,,,1,0
41865,"Twilight (The Twilight Saga, #1)",Stephenie Meyer,"Meyer, Stephenie",,"=""0316015849""","=""9780316015844""",2,3.66,"Little, Brown and Company",Paperback,498,2006,2005,,2022/10/25,,,read,,,,1,0
59808248,"The Atlas Paradox (The Atlas, #2)",Olivie Blake,"Blake, Olivie",,"=""1250855098""","=""9781250855091""",0,3.54,Tor Books,Hardcover,416,2022,2022,,2022/10/25,to-read,to-read (#2),to-read,,,,0,0
116020,Walden & Civil Disobedience,Henry David Thoreau,"Thoreau, Henry David",W.S. Merwin,"=""0451529456""","=""9780451529459""",3,3.94,Signet Classics,Mass Market Paperback,320,2004,1849,,2022/10/25,,,read,,,,1,0
40046054,Poems from the Moor (Alma Classics),Emily Brontë,"Brontë, Emily",,"=""1847497241""","=""9781847497246""",3,4.00,Alma Classics,Paperback,256,2018,,,2022/10/25,,,read,,,,1,0
224387,A Vindication of the Rights of Woman,Mary Wollstonecraft,"Wollstonecraft, Mary","Miriam Brody, Bebi Fernández","=""0141441259""","=""9780141441252""",4,3.91,Penguin Classics,Paperback,269,2004,1792,,2022/10/25,,,read,,,,1,0
40016,Young Goodman Brown and Other Short Stories,Nathaniel Hawthorne,"Hawthorne, Nathaniel",,"=""0486270602""","=""9780486270609""",4,3.85,Dover Publications,Paperback,111,1992,1844,,2022/10/25,,,read,,,,1,0
27494,Leaves of Grass,Walt Whitman,"Whitman, Walt",,"=""""","=""""",4,4.12,Simon  Schuster,Paperback,624,2006,1855,,2022/10/25,,,read,,,,1,0
67522,The Collected Poems of Emily Dickinson,Emily Dickinson,"Dickinson, Emily",Rachel Wetzsteon,"=""1593080506""","=""9781593080501""",4,4.23,Sterling Publishing,Paperback,400,2003,1924,,2022/10/25,,,read,,,,1,0
6194,Waiting for the Barbarians,J.M. Coetzee,"Coetzee, J.M.",,"=""0140283358""","=""9780140283358""",3,3.93,Penguin Books,Paperback,152,1999,1980,,2022/10/25,,,read,,,,1,0
44279110,My Year of Rest and Relaxation,Ottessa Moshfegh,"Moshfegh, Ottessa",,"=""0525522131""","=""9780525522133""",4,3.62,Penguin Books,Paperback,289,2019,2018,,2022/10/25,,,read,,,,1,0
33643994,"Daughter of the Pirate King (Daughter of the Pirate King, #1)",Tricia Levenseller,"Levenseller, Tricia",,"=""1250095964""","=""9781250095961""",4,3.95,Feiwel  and Friends,Hardcover,308,2017,2017,,2022/10/25,,,read,,,,1,0
42201100,Three Women,Lisa Taddeo,"Taddeo, Lisa",,"=""1451642296""","=""9781451642292""",3,3.72,Avid Reader Press ,Hardcover,306,2019,2019,,2022/10/25,,,read,,,,1,0
52867387,Beach Read,Emily Henry,"Henry, Emily",,"=""""","=""""",4,4.00,Berkley,Paperback,361,2020,2020,,2022/10/25,,,read,,,,1,0
46041465,Everything I Know About Love,Dolly Alderton,"Alderton, Dolly",,"=""0062968785""","=""9780062968784""",4,3.98,Harper,Hardcover,368,2020,2018,,2022/10/25,,,read,,,,1,0
54985743,People We Meet on Vacation,Emily Henry,"Henry, Emily",,"=""1984806750""","=""9781984806758""",4,3.86,Berkley,Paperback,364,2021,2021,,2022/10/25,,,read,,,,1,0
531989,Drown,Junot Díaz,"Díaz, Junot",,"=""1573226068""","=""9781573226066""",4,4.02,Riverhead Trade,Paperback,208,1997,1995,,2022/10/25,,,read,,,,1,0
93981,The Interpretation of Dreams,Sigmund Freud,"Freud, Sigmund",,"=""1566195764""","=""9781566195768""",3,3.84,Barnes & Noble,Hardcover,630,1994,1899,,2022/10/25,,,read,,,,1,0
1812744,"El nombre del mundo es Bosque (Ciclo Hainish, #5)",Ursula K. Le Guin,"Guin, Ursula K. Le",,"=""8445070584""","=""9788445070581""",0,4.05,Minotauro,Paperback,164,1986,1972,,2022/10/25,currently-reading,currently-reading (#2),currently-reading,,,,1,0
35436439,Las tres muertes de Fermín Salvochea,Jesús Cañadas,"Cañadas, Jesús",,"=""8416700850""","=""9788416700851""",0,4.03,Roca Editorial,Hardcover,416,2017,,,2022/10/25,currently-reading,currently-reading (#1),currently-reading,,,,1,0
11337,The Bluest Eye,Toni Morrison,"Morrison, Toni",,"=""""","=""""",5,4.12,Plume,Paperback,216,2005,1970,,2022/10/25,,,read,,,,1,0
49011,The Bloody Chamber and Other Stories,Angela Carter,"Carter, Angela",,"=""014017821X""","=""9780140178210""",4,3.92,Penguin Books,Paperback,126,1990,1979,,2022/10/25,,,read,,,,1,0
92625,The Ones Who Walk Away from Omelas,Ursula K. Le Guin,"Guin, Ursula K. Le",,"=""0886825016""","=""9780886825010""",5,4.37,"Creative Education, Inc.",Library Binding,32,1997,1973,,2022/10/25,,,read,,,,1,0
43317482,In the Dream House,Carmen Maria Machado,"Machado, Carmen Maria",,"=""1644450038""","=""9781644450031""",5,4.42,Graywolf Press,Hardcover,251,2019,2019,,2022/10/25,,,read,,,,1,0
815309,On Chesil Beach,Ian McEwan,"McEwan, Ian",,"=""0224081187""","=""9780224081184""",3,3.61,Jonathan Cape,Hardcover,166,2007,2007,,2022/10/25,,,read,,,,1,0
44597,Wide Sargasso Sea,Jean Rhys,"Rhys, Jean",,"=""0140274219""","=""9780140274219""",4,3.59,Penguin Books,Paperback,160,1998,1966,,2022/10/25,,,read,,,,1,0
6339664,"Hush, Hush (Hush, Hush, #1)",Becca Fitzpatrick,"Fitzpatrick, Becca",,"=""1416989412""","=""9781416989417""",3,3.92,Simon & Schuster,Hardcover,391,2009,2009,,2022/10/25,,,read,,,,1,0
19202652,"El príncipe de la niebla (Niebla, #1)",Carlos Ruiz Zafón,"Zafón, Carlos Ruiz",,"=""840809548X""","=""9788408095484""",3,3.79,Editorial Planeta,Kindle Edition,244,2010,1993,,2022/10/25,,,read,,,,0,0
31602,Romancero gitano,Federico García Lorca,"Lorca, Federico García",,"=""9871165293""","=""9789871165292""",3,4.22,AGEBE,Paperback,82,2014,1928,,2022/10/25,,,read,,,,0,0
60653,"Cows, Pigs, Wars, and Witches: The Riddles of Culture",Marvin Harris,"Harris, Marvin",,"=""0679724680""","=""9780679724681""",0,3.92,Vintage,Paperback,288,1989,1974,,2022/10/25,to-read,to-read (#1),to-read,,,,0,0
965154,Platero y yo,Juan Ramón Jiménez,"Jiménez, Juan Ramón","Antonio Frasconi, Myra Cohn Livingston, Joseph F. Dominguez","=""0395623650""","=""9780395623657""",3,3.83,Clarion Books,Hardcover,192,1994,1914,,2022/10/25,,,read,,,,1,0
61773,La colmena,Camilo José Cela,"Cela, Camilo José",,"=""8420634395""","=""9788420634395""",3,3.74,Alianza Editorial,Paperback,336,1992,1951,,2022/10/25,,,read,,,,1,0
4031724,García Márquez: Crónica de una muerte anunciada,Stephen M. Hart,"Hart, Stephen M.",,"=""0729304450""","=""9780729304450""",4,4.10,Foyles,Paperback,68,2005,1981,,2022/10/25,,,read,,,,1,0
6679324,El Cementerio de los Ingleses,José María Mendiola,"Mendiola, José María",,"=""8423676617""","=""9788423676613""",3,3.30,Edebé,Paperback,104,2002,1993,,2022/10/25,,,read,,,,1,0
119537,Los girasoles ciegos,Alberto Méndez,"Méndez, Alberto",,"=""8433968556""","=""9788433968555""",5,4.02,Editorial Anagrama,Paperback,160,2008,2004,,2022/10/25,,,read,,,,1,0
7044549,Historia de una escalera,Antonio Buero Vallejo,"Vallejo, Antonio Buero",,"=""8467021454""","=""9788467021455""",5,3.70,Editora Espasa Calpe,Paperback,160,2006,1949,,2022/10/25,,,read,,,,1,0
22995,La casa de Bernarda Alba,Federico García Lorca,"Lorca, Federico García","Paola Bianco, Antonio Sobejano-Moran","=""1585101435""","=""9781585101436""",5,3.86,Focus,Paperback,96,1945,1930,,2022/10/25,,,read,,,,1,0
12985,The Tempest,William Shakespeare,"Shakespeare, William","Paul Werstine, David Lindley, Israel Gollancz, Barbara A. Mowat, Arthur Wilson Verity, Georg Brandes, G.B. Harrison, William James Rolfe","=""""","=""""",3,3.78,Washington Square Press,Mass Market Paperback,218,2004,1611,,2022/10/25,,,read,,,,1,0
873472,Rimas y leyendas,Gustavo Adolfo Bécquer,"Bécquer, Gustavo Adolfo",,"=""8421824732""","=""9788421824733""",4,4.08,Editorial Casals,Paperback,254,2001,1868,,2022/10/25,,,read,,,,1,0
23919,The Complete Stories and Poems,Edgar Allan Poe,"Poe, Edgar Allan",,"=""0385074077""","=""9780385074070""",3,4.40,"Doubleday & Company, Inc.",Hardcover,821,1984,1849,,2022/10/25,,,read,,,,1,0
7190,The Three Musketeers,Alexandre Dumas,"Dumas, Alexandre","Richard Pevear, Philip Bates, William Barrow, August Zoller, Marisa Zini, Moshe Ukle, Pierre Toutain-Dorbec, John      Lee, Jacques Georges Clemenc Le Clercq, Natalie Montoto, S.M. Sheley, Daniel Rasmusson, Louis Jourdan, Walter Covell, Michael Page, Brett Helquist, Michael Hugh Johnson, Sylvie Thorel-Cailleteau, Milo Winter, Bill Homewood, Arthur Paul John Charles James Gore Sudley, S.N. Rizvi, Giorgio Manganelli, William Robson, Isabel Ely Lord, Александр Дюма","=""""","=""""",3,4.09,Modern Library,Paperback,625,2001,1844,,2022/10/25,,,read,,,,1,0
3836,Don Quixote,Miguel de Cervantes Saavedra,"Saavedra, Miguel de Cervantes","Roberto González Echevarría, John Rutherford","=""""","=""""",5,3.90,Penguin Books,Paperback,1023,2003,1605,,2022/10/25,,,read,,,,1,0
130346,Bronte: Wuthering Heights (Macmillan Master Guides),Hilda D. Spear,"Spear, Hilda D.",,"=""0333372867""","=""9780333372869""",3,4.15,MacMillan,Paperback,96,1985,1985,,2022/10/25,,,read,,,,1,0
14942,Mrs. Dalloway,Virginia Woolf,"Woolf, Virginia",Maureen Howard,"=""0151009988""","=""9780151009985""",5,3.79,Houghton Mifflin Harcourt,Hardcover,194,2002,1925,,2022/10/25,,,read,,,,1,0
117251,"Hamlet: Screenplay, Introduction And Film Diary",Kenneth Branagh,"Branagh, Kenneth",William Shakespeare,"=""0393315053""","=""9780393315059""",3,4.14,W. W. Norton & Company,Paperback,208,1996,1996,,2022/10/25,,,read,,,,1,0
7733,Gulliver’s Travels,Jonathan Swift,"Swift, Jonathan","Louis Rhead, William Dean Howells, Robert DeMaria Jr., Joshua Shelton","=""0141439491""","=""9780141439495""",4,3.58,Penguin,Paperback,306,2017,1726,,2022/10/25,,,read,,,,1,0
6149,"Beloved (Beloved Trilogy, #1)",Toni Morrison,"Morrison, Toni",,"=""""","=""9781400033416""",4,3.96,Vintage,Paperback,325,2004,1987,,2022/10/25,,,read,,,,1,0
12996,Othello,William Shakespeare,"Shakespeare, William","Barbara A. Mowat, Paul Werstine","=""""","=""""",3,3.89,Simon & Schuster,Mass Market Paperback,319,2003,1603,,2022/10/25,,,read,,,,1,0
286957,The Yellow Wall-Paper,Charlotte Perkins Gilman,"Gilman, Charlotte Perkins",Elaine Hedges,"=""1558611584""","=""9781558611580""",5,4.08,The Feminist Press at CUNY,Paperback,64,1996,1892,,2022/10/25,,,read,,,,1,0
2696,The Canterbury Tales,Geoffrey Chaucer,"Chaucer, Geoffrey",Nevill Coghill,"=""0140424385""","=""9780140424386""",4,3.52,Penguin Books,Paperback,504,2003,1400,,2022/10/25,,,read,,,,1,0
52357,Beowulf,Unknown,"Unknown, Unknown",Seamus Heaney,"=""0393320979""","=""9780393320978""",2,3.49,W.W. Norton & Company,Paperback,259,2001,1000,,2022/10/25,,,read,,,,1,0
1420,Hamlet,William Shakespeare,"Shakespeare, William","Harold Bloom, Rex Gibson, Israel Gollancz, Henry Norman Hudson, L.A. Sherman, Max J. Herzberg","=""0521618746""","=""9780521618748""",3,4.02,Cambridge University Press,Paperback,289,2005,1601,,2022/10/25,,,read,,,,1,0
12296,The Scarlet Letter,Nathaniel Hawthorne,"Hawthorne, Nathaniel","Nina Baym, Thomas E. Connolly","=""0142437263""","=""9780142437261""",5,3.44,Penguin Books,Paperback,279,2002,1850,,2022/10/25,,,read,,,,1,0
14935,Sense and Sensibility,Jane Austen,"Austen, Jane","Ros Ballaster, Джейн Остин, Mobile Classics, Силвия Желева","=""""","=""""",3,4.09,Penguin Books,Paperback,409,2003,1811,,2022/10/25,,,read,,,,1,0
32620332,The Seven Husbands of Evelyn Hugo,Taylor Jenkins Reid,"Reid, Taylor Jenkins",,"=""1501139231""","=""9781501139239""",3,4.41,Atria Books,Hardcover,389,2017,2017,,2022/10/25,,,read,,,,1,0
35031085,Frankenstein: The 1818 Text,Mary Wollstonecraft Shelley,"Shelley, Mary Wollstonecraft",Charlotte Gordon,"=""0143131842""","=""9780143131847""",3,3.88,Penguin Classics,Paperback,260,2018,1818,,2022/10/25,,,read,,,,1,0
